{
  "benchmark": "tabular",
  "timestamp": "2026-02-05T22:11:29.113496+00:00",
  "dataset": {
    "name": "NYC Yellow Taxi",
    "rows": 2964624
  },
  "results": {
    "Polars-rs": {
      "Filter": 0.04667125,
      "Read Parquet": 0.035974375,
      "ETL Pipeline": 0.04173925,
      "GroupBy + Agg": 0.022476333,
      "Join": 0.074889958
    }
  }
}