{
  "benchmark": "tabular",
  "timestamp": "2026-02-21T19:54:06.019402+00:00",
  "dataset": {
    "name": "NYC Yellow Taxi",
    "year": 2024,
    "rows": 41169720,
    "columns": 19,
    "size_mb": 660.9
  },
  "results": {
    "Pandas": {
      "ETL Pipeline": 3.168634916000883
    },
    "Polars": {
      "ETL Pipeline": 0.7808208750066115
    },
    "DataFusion": {
      "ETL Pipeline": 0.4872181249957066
    },
    "Daft": {
      "ETL Pipeline": 1.1294378330057953
    }
  }
}