{
  "benchmark": "tabular",
  "timestamp": "2026-02-06T09:07:36.825445+00:00",
  "dataset": {
    "name": "NYC Yellow Taxi",
    "year": 2024,
    "month": 1,
    "rows": 2964624,
    "columns": 19,
    "size_mb": 47.6
  },
  "results": {
    "Pandas": {
      "Read Parquet": 0.07123916699492838,
      "Filter": 0.02176895899901865,
      "GroupBy + Agg": 0.0703434580063913,
      "Join": 0.1625784579955507,
      "ETL Pipeline": 0.17855995800346136
    },
    "Polars": {
      "Read Parquet": 0.06768074999854434,
      "Filter": 0.010505457998078782,
      "GroupBy + Agg": 0.009783917004824616,
      "Join": 0.10477162500319537,
      "ETL Pipeline": 0.04729162500007078
    },
    "DataFusion": {
      "Read Parquet": 0.0782320409998647,
      "Filter": 0.017827749994467013,
      "GroupBy + Agg": 0.008660958999826107,
      "Join": 0.04000850000011269,
      "ETL Pipeline": 0.039552374997583684
    },
    "Daft": {
      "Read Parquet": 0.07933841700287303,
      "Filter": 0.015877333004027605,
      "GroupBy + Agg": 0.010147458000574261,
      "Join": 0.10035475000040606,
      "ETL Pipeline": 0.08432549999997718
    }
  }
}